{
  "project_info": {
    "project_number": "88106516094",
    "project_id": "baby-photo-editor-a564b",
    "storage_bucket": "baby-photo-editor-a564b.appspot.com"
  },
  "client": [
    {
      "client_info": {
        "mobilesdk_app_id": "1:88106516094:android:b24c2c09060134e8bda22f",
        "android_client_info": {
          "package_name": "com.bornbaby.pragnancy.photoeditor.babypicstory.babymonth.storymaker"
        }
      },
      "oauth_client": [],
      "api_key": [
        {
          "current_key": "AIzaSyCopYg6aU-ODpMqkQbJ0946U5xOb-O3f1I"
        }
      ],
      "services": {
        "appinvite_service": {
          "other_platform_oauth_client": []
        }
      }
    }
  ],
  "configuration_version": "1"
}