{"ip":0,"fr":60,"v":"5.1.20","assets":[],"layers":[{"ty":4,"nm":"bullet blue","ip":0,"st":0,"ind":3,"hix":1,"ks":{"o":{"a":0,"k":100},"or":{"a":0,"k":[0,0,0]},"a":{"a":0,"k":[50,50,0]},"p":{"s":true,"x":{"a":0,"k":50},"y":{"a":1,"k":[{"t":0,"s":[50],"e":[45],"i":{"x":[0.515],"y":[0.955]},"o":{"x":[0.455],"y":[0.03]}},{"t":18,"s":[45],"e":[50],"i":{"x":[0.515],"y":[0.955]},"o":{"x":[0.455],"y":[0.03]}},{"t":36}]}},"rx":{"a":0,"k":0},"ry":{"a":0,"k":0},"rz":{"a":0,"k":0},"s":{"a":0,"k":[100,100,100]}},"shapes":[{"ty":"gr","nm":"bullet blue shape group","it":[{"ty":"el","p":{"a":0,"k":[30,50]},"s":{"a":0,"k":[10,10]}},{"ty":"st","o":{"a":0,"k":0},"w":{"a":0,"k":0},"c":{"a":0,"k":[0,0,0,0]},"lc":3,"lj":1,"ml":1},{"ty":"fl","o":{"a":0,"k":100},"r":1,"c":{"a":0,"k":[0.9803921568627451,0.43137254901960786,0.4392156862745098,1]}},{"ty":"tr","o":{"a":0,"k":100},"a":{"a":0,"k":[0,0]},"s":{"a":0,"k":[100,100]},"p":{"a":0,"k":[0,0]},"r":{"a":0,"k":0}}]}],"op":54},{"ty":4,"nm":"Bullet red","ip":0,"st":0,"ind":2,"hix":2,"ks":{"o":{"a":0,"k":100},"or":{"a":0,"k":[0,0,0]},"a":{"a":0,"k":[50,50,0]},"p":{"s":true,"x":{"a":0,"k":50},"y":{"a":1,"k":[{"t":0,"s":[50],"e":[50],"i":{"x":[1],"y":[1]},"o":{"x":[0],"y":[0]}},{"t":9,"s":[50],"e":[45],"i":{"x":[0.515],"y":[0.955]},"o":{"x":[0.455],"y":[0.03]}},{"t":27,"s":[45],"e":[50],"i":{"x":[0.515],"y":[0.955]},"o":{"x":[0.455],"y":[0.03]}},{"t":45}]}},"rx":{"a":0,"k":0},"ry":{"a":0,"k":0},"rz":{"a":0,"k":0},"s":{"a":0,"k":[100,100,100]}},"shapes":[{"ty":"gr","nm":"Bullet red shape group","it":[{"ty":"el","p":{"a":0,"k":[50,50]},"s":{"a":0,"k":[10,10]}},{"ty":"st","o":{"a":0,"k":0},"w":{"a":0,"k":0},"c":{"a":0,"k":[0,0,0,0]},"lc":3,"lj":1,"ml":1},{"ty":"fl","o":{"a":0,"k":100},"r":1,"c":{"a":0,"k":[0.9803921568627451,0.43137254901960786,0.4392156862745098,1]}},{"ty":"tr","o":{"a":0,"k":100},"a":{"a":0,"k":[0,0]},"s":{"a":0,"k":[100,100]},"p":{"a":0,"k":[0,0]},"r":{"a":0,"k":0}}]}],"op":54},{"ty":4,"nm":"Bullet orange","ip":0,"st":0,"ind":1,"hix":3,"ks":{"o":{"a":0,"k":100},"or":{"a":0,"k":[0,0,0]},"a":{"a":0,"k":[50,50,0]},"p":{"s":true,"x":{"a":0,"k":50},"y":{"a":1,"k":[{"t":0,"s":[50],"e":[50],"i":{"x":[1],"y":[1]},"o":{"x":[0],"y":[0]}},{"t":18,"s":[50],"e":[45],"i":{"x":[0.515],"y":[0.955]},"o":{"x":[0.455],"y":[0.03]}},{"t":36,"s":[45],"e":[50],"i":{"x":[0.515],"y":[0.955]},"o":{"x":[0.455],"y":[0.03]}},{"t":54}]}},"rx":{"a":0,"k":0},"ry":{"a":0,"k":0},"rz":{"a":0,"k":0},"s":{"a":0,"k":[100,100,100]}},"shapes":[{"ty":"gr","nm":"Bullet orange shape group","it":[{"ty":"el","p":{"a":0,"k":[70,50]},"s":{"a":0,"k":[10,10]}},{"ty":"st","o":{"a":0,"k":0},"w":{"a":0,"k":0},"c":{"a":0,"k":[0,0,0,0]},"lc":3,"lj":1,"ml":1},{"ty":"fl","o":{"a":0,"k":100},"r":1,"c":{"a":0,"k":[0.9803921568627451,0.43137254901960786,0.4392156862745098,1]}},{"ty":"tr","o":{"a":0,"k":100},"a":{"a":0,"k":[0,0]},"s":{"a":0,"k":[100,100]},"p":{"a":0,"k":[0,0]},"r":{"a":0,"k":0}}]}],"op":54}],"op":54,"w":100,"h":100}